{"cameraMode":{"drawMode":0,"name":"Shaded","section":"Shading Mode"},"sceneLighting":false,"audioPlay":false,"sceneViewState":{"showFog":true,"showMaterialUpdate":false,"showSkybox":false,"showFlares":true,"showImageEffects":true,"showParticleSystems":true},"in2DMode":false,"pivot":{"x":-4.824623107910156,"y":-0.36857354640960696,"z":-0.04917001724243164},"rotation":{"x":-0.06121302768588066,"y":-0.13374222815036775,"z":0.008277232758700848,"w":-0.9890892505645752},"size":2.836318254470825,"orthographic":false}